old_path,reason
pagerankr/deps/bootstrap-5.3.8/bootstrap.min.css,non-html
pagerankr/deps/font-awesome-6.5.2/css/all.min.css,non-html
pagerankr/deps/font-awesome-6.5.2/css/v4-shims.min.css,non-html
pagerankr/llms.txt,non-html
pagerankr/pkgdown.yml,non-html
pagerankr/search.json,non-html
pagerankr/sitemap.xml,non-html
robotstxtr/deps/bootstrap-5.3.8/bootstrap.min.css,non-html
robotstxtr/deps/font-awesome-6.5.2/css/all.min.css,non-html
robotstxtr/deps/font-awesome-6.5.2/css/v4-shims.min.css,non-html
robotstxtr/design/engine-contract-v1.html,old-404
robotstxtr/llms.txt,non-html
robotstxtr/pkgdown.yml,non-html
robotstxtr/search.json,non-html
robotstxtr/sitemap.xml,non-html
rurl/CITATION.cff,non-html
rurl/deps/bootstrap-5.3.8/bootstrap.min.css,non-html
rurl/deps/font-awesome-6.5.2/css/all.min.css,non-html
rurl/deps/font-awesome-6.5.2/css/v4-shims.min.css,non-html
rurl/design/adr/,old-404
rurl/design/prd/,old-404
rurl/llms.txt,non-html
rurl/news/443,junk-link
rurl/pkgdown.yml,non-html
rurl/search.json,non-html
rurl/sitemap.xml,non-html
sitemapr/NEWS.html,old-404
sitemapr/deps/bootstrap-5.3.8/bootstrap.min.css,non-html
sitemapr/deps/font-awesome-6.5.2/css/all.min.css,non-html
sitemapr/deps/font-awesome-6.5.2/css/v4-shims.min.css,non-html
sitemapr/docs/,old-404
sitemapr/llms.txt,non-html
sitemapr/pkgdown.yml,non-html
sitemapr/search.json,non-html
sitemapr/sitemap.xml,non-html
